id,url,item_name,match_id,ingredients,reef_safe_determination,brand
3,https://www.sunbum.com//products/kids-spf-50-clear-sunscreen-spray,"Kids SPF 50 Clear Sunscreen Spray– Sun Bum",92,"Active Ingredients: Homosalate 10%, Octocrylene 10%, Octisalate 5%, Avobenzone 3%Inactive Ingredients: alcohol denat. (58.9%), butyloctyl salicylate, C12-15 alkyl benzoate, trimethylpentanediol/adipic acid/glycerin crosspolymer, fragrance, tocopherol",1,"Sun Bum"
5,https://www.sunbum.com//products/day-tripper,"Day Tripper, Travel Sun Care Set | Sun Bum",105,"Apply SPF products liberally 15 minutes before sun exposure. Reapply after 80 minutes of swimming or sweating, immediately after towel drying, at least every 2 hours.",NULL,"Sun Bum"
6,https://www.sunbum.com//products/original-spf-15-sunscreen-spray-6oz,"Sunscreen Spray SPF 15, Original | Sun Bum",101,"Active Ingredients: Avobenzone 3%, Homosalate 6%, Octisalate 5%, Octocrylene 2%Inactive Ingredients: alcohol denat., C12-15 alkyl benzoate, acrylates/octylacrylamide copolymer, PPG-5-ceteth-20, fragrance, tocopherol",1,"Sun Bum"
7,https://www.sunbum.com//products/original-spf-15-sunscreen-lotion,"Sunscreen Lotion SPF 15, Original | Sun Bum",104,"Active Ingredients: Avobenzone 2%, Homosalate 5%, Octisalate 2%, Octocrylene 10%Inactive Ingredients: water, butyloctyl salicylate, hydrated silica, styrene/acrylates copolymer, dimethicone, VP/hexadecene copolymer, polyester-8, caprylyl methicone, ethylhexyl stearate, trideceth-6, glyceryl stearate, PEG-100 stearate, fragrance, sodium polyacrylate, behenyl alcohol, dimethyl capramide, ethylhexylglycerin, trimethylsiloxysilicate, xanthan gum, polyaminopropyl biguanide, tocopheryl acetate, BHT, disodium EDTA, methyisothiazolinone",1,"Sun Bum"
8,https://www.sunbum.com//products/original-spf-30-sunscreen-lotion,"Sunscreen Lotion SPF 30, Original | Sun Bum",103,"Active Ingredients: Avobenzone 3%, Homosalate 5%, Octisalate 3%, Octocrylene 10%Inactive Ingredients: water, butyloctyl salicylate, hydrated silica, VP/hexadecene copolymer, styrene/acrylates copolymer, dimethicone, polyester-8, caprylyl methicone, ethylhexyl stearate, trideceth-6, glyceryl stearate, PEG-100 stearate, fragrance, sodium polyacrylate, behenyl alcohol, dimethyl capramide, ethylhexylglycerin, trimethylsiloxysilicate, xanthan gum, polyaminopropyl biguanide, tocopheryl acetate, BHT, disodium EDTA, methyisothiazolinone",1,"Sun Bum"
9,https://www.sunbum.com//products/original-spf-30-sunscreen-spray-6oz,"Sunscreen Spray SPF 30, Original | Sun Bum",93,"Active Ingredients: Avobenzone 3.0%, Homosalate 10%, Octisalate 5%, Octocrylene 3.75%Inactive Ingredients: alcohol denat. (67%), acrylates/octylacrylamide copolymer, C12-15 alkyl benzoate, dicaprylyl carbonate, PPG-5-ceteth-20, fragrance, tocopherol",1,"Sun Bum"
10,https://www.sunbum.com//products/original-spf-50-sunscreen-lotion,"Sunscreen Lotion SPF 50, Original Formula | Sun Bum",102,"Active Ingredients: Avobenzone 3%, Homosalate 10%, Octisalate 5%, Octocrylene 10%Inactive Ingredients: water, butyloctyl salicylate, hydrated silica, VP/hexadecene copolymer, styrene/acrylates copolymer, dimethicone, polyester-8, caprylyl methicone, ethyhexyl stearate, trideceth-6, glyceryl strearate, PEG-100 stearate, fragrance, sodium polyacrylate, behenyl alcohol, dimethyl capramide, ethylhexylglycerin, trimethylsiloxysilicate, xanthan gum, polyaminopropyl biguanide, tocopheryl acetate, BHT, disodium EDTA, methylisothiazolinone",1,"Sun Bum"
11,https://www.sunbum.com//products/original-spf-50-sunscreen-spray-6oz,"Sunscreen Spray SPF 50, Original | Sun Bum",97,"Active Ingredients: Avobenzone 3%, Homosalate 15%, Octisalate 5%, Octocrylene 7%Inactive Ingredients: alcohol denat. (54%), C12-15 alkyl benzoate, acrylates/octylacrylamide copolymer, dicaprylyl carbonate, PPG-5-ceteth-20, fragrance, tocopherol",1,"Sun Bum"
13,https://www.sunbum.com//products/original-spf-50-sunscreen-roll-on-lotion,"Original SPF 50 Sunscreen Roll-On Lotion– Sun Bum",89,"Active Ingredients: Octocrylene 10%, Homosalate 10%, Ethylhexyl Salicylate 5%, Avobenzone 3%Inactive Ingredients: water, hydrated silica, glycerin, polyglyceryl-6 stearate, styrene/acrylates copolymer, acrylates/c12-22 alkyl methacrylate copolymer, polyester-8, tocopheryl acetate, lysolecithin, sclerotium gum, tetrasodium glutamate diacetate, pullulan, xanthan gum, polyglyceryl-6 behenate, citric acid, phenoxyethanol, ethylhexylglycerin, fragrance",1,"Sun Bum"
15,https://www.sunbum.com//products/original-glow-spf-30-sunscreen-lotion,"Glow SPF 30 Sunscreen Face Lotion Original | Sun Bum",96,"Active Ingredients: Octocrylene 10.0%, Octisalate 5.0%, Avobenzone 3.0%Inactive Ingredients: water, bismuth oxychloride, propanediol, butyloctyl salicylate, glycerin, mica, c12-15 alkyl benzoate, polyglyceryl-6 stearate, isododecane, terminalia ferdinandiana (kakadu plum) fruit extract, tocopherol, pullulan, lysolecithin, tetrasodium glutamate diacetate, sclerotium gum, xanthan gum, hydrated silica, titanium dioxide, polyglyceryl-6 behenate, phenoxyethanol, ethylhexylglycerin, citric acid, iron oxides",1,"Sun Bum"
19,https://www.sunbum.com//products/original-spf-50-sunscreen-face-lotion-3oz,"SPF 50 Sunscreen Face Lotion, Original Sunscreen | Sun Bum",99,"Active Ingredients: Avobenzone 3%, Homosalate 10%, Octisalate 5%, Octocrylene 10%Inactive Ingredients: water, butyloctyl salicylate, hydrated silica, VP/hexadecene copolymer, styrene/acrylates copolymer, dimethicone, polyester-8, tocopherol acetate, BHT, glyceryl stearate, PEG-100 stearate, ethylhexyl stearate, behenyl alcohol, caprylyl methicone, trimethylsiloxysilicate, dimethyl capramide, sodium polyacrylate, xanthan gum, trideceth-6, disodium EDTA, ethylhexylglycerin, polyaminopropyl biguanide, methylisothiazolinone",1,"Sun Bum"
20,https://www.sunbum.com//products/original-face-70-spf-70-sunscreen-lotion,"SPF 70 Sunscreen Lotion, Original | Face Sunscreen - Sun Bum",98,"Active Ingredients: Avobenzone 3%, Homosalate 15%, Octisalate 5%, Octocrylene 10%Inactive Ingredients: water, styrene/acrylates copolymer, hydrated silica, glycerin, polyglyceryl-6 stearate, polyglyceryl-6 behenate, acrylates/C12-22 alkyl methacrylate copolymer, polyester-8, ethylhexylglycerin, lysolecithin, phenoxyethanol, pullulan, sclerotium gum, tetrasodium glutamate diacetate, tocopheryl acetate, xanthan gum",1,"Sun Bum"
31,https://www.sunbum.com//products/mineral-spf-50-sunscreen-spray,"Mineral Sunscreen Spray SPF 50 | Sun Bum",100,"Active Ingredients: Titanium Dioxide 3.4%, Zinc Oxide 16%Inactive Ingredients: water, butyloctyl salicylate, helianthus annuus (sunflower) seed oil, dicaprylyl carbonate, propanediol, isocetyl stearoyl stearate, methyl dihydroabietate, cetearyl alcohol, polyester-8, sodium stearoyl glutamate, coco-glucoside, aloe barbadensis leaf juice, musa sapientum (banana) fruit extract, tocopherol, glycerin, cellulose gum, bentonite, microcrystalline cellulose, caprylyl glycol, silicia, polyhydroxystearic acid, citric acid, alumina, bisabolol, sodium gluconate, caprylhydroamic acid",2,"Sun Bum"
32,https://www.sunbum.com//products/mineral-spf-30-sunscreen-lotion,"Mineral SPF 30 Sunscreen Lotion– Sun Bum",91,"Active Ingredient: Zinc Oxide 14.7%Inactive Ingredients: water, cocos nucifera (coconut) oil, butyloctyl salicylate, diheptyl succinate, capryloyl glycerin/sebacic acid copolymer, methyl dihydroabietate, butyrospermum parkii (shea butter), cetearyl alcohol, sodium stearoyl glutamate, theobroma cacao (cocoa) seed butter, tocopherol, coco-glucoside, microcrystalline cellulose, cetyl alcohol, behenyl alcohol, bisabolol, arachidyl glucoside, phenoxyethanol, arachidyl alcohol, cellulose gum, sodium hyaluronate, sodium gluconate, citric acid, ethylhexylglycerin, polyhydroxystearic acid",2,"Sun Bum"
34,https://www.sunbum.com//products/mineral-spf-30-sunscreen-face-lotion,"Mineral SPF 30 Sunscreen Face Lotion– Sun Bum",90,"Active Ingredients: Titanium Dioxide 5.3%, Zinc Oxide 2.4%Inactive Ingredients: cyclopentasiloxane, isopropyl myristate, polyamide-5, dimethicone crosspolymer, stearalkonium hectorite, polysilicone-11, oryza sativa (rice) bran extract, rosmarinus officinalis (rosemary) leaf extract, helianthus annuus (sunflower) extract, tocopherol, propylene carbonate, hydrogen dimethicone, aluminum hydroxide, silica silylate",2,"Sun Bum"
59,https://www.coppertone.com/products/coppertone-pure-and-simple-kids-sunscreen-continuous-spray-spf50-0004701.html,"Coppertone PURE & SIMPLE KIDS SPF 50 SPRAY",21,"zinc oxide, isobutane, water, C12-15 alkyl benzoate, isopropyl palmitate, butyloctyl salicylate, ethylhexyl isononanoate, cetyl PEG/PPG-10/1 dimethicone, propylene glycol, cyclopentasiloxane, bis-octyldodecyl dimer dilinoleate/propanediol copolymer, dimethicone, ethylhexyl methoxycrylene, polyester-27, tea (camellia sinensis) leaf extract*, giant kelp (macrocystis pyrifera) extract*, sacred lotus (nelumbo nucifera) extract*, triethoxycaprylylsilane, beeswax, hydroxyacetophenone, PEG-12 dimethicone crosspolymer, tocopherol, 1,2-hexanediol, caprylyl glycol, caprylyl methicone, sodium chloride, cetyl dimethicone",2,Coppertone
60,https://healthyplanetshopping.com/products/all-good-sunsticks-unscented-spf-30-elemental-herbs-6-oz-stick,"Elemental Herbs Zinc Sunstick SPF 30 Coconut",56,"Zinc Oxide 20% Non-nanoparticle, Simmondsia chinensis Jojoba Seed Oil*, Cera alba Beeswax *, Sesame indicum Sesame Seed Oil*, Copernicia cerifera Carnauba Wax*, Persea americana Avocado Oil*, Theobroma cacao Cocoa Seed Butter*, Cocos nucifera Coconut Oil*, Tapioca Starch*, Butyrospermum parkii Shea Butter *, Mauritia flexuosa Buriti Fruit Oil*, Non GMO Tocopherol Vitamin E",3,"Elemental Herbs"
61,https://healthyplanetshopping.com/products/all-good-sunsticks-unscented-spf-30-elemental-herbs-6-oz-stick,"Elemental Herbs Zinc Sunstick SPF 30 Unscented",108,"Zinc Oxide 20% Non-nanoparticle, Simmondsia chinensis Jojoba Seed Oil*, Cera alba Beeswax *, Sesame indicum Sesame Seed Oil*, Copernicia cerifera Carnauba Wax*, Persea americana Avocado Oil*, Theobroma cacao Cocoa Seed Butter*, Cocos nucifera Coconut Oil*, Tapioca Starch*, Butyrospermum parkii Shea Butter *, Mauritia flexuosa Buriti Fruit Oil*, Non GMO Tocopherol Vitamin E",3,"Elemental Herbs"
62,https://www.eucerinus.com/products/sun-protection/sensitive-mineral-lotion-sunscreen,"Eucerin Sensitive Mineral Sunscreen Lotion SPF 50",22,"Active Ingredient: Zinc Oxide 24% Inactive Ingredients: Water, C12-15 Alkyl Benzoate, Isopropyl Palmitate, Butyloctyl Salicylate, Ethylhexyl Pelargonate, Cetyl PEG/PPG-10/1 Dimethicone, Propylene Glycol, Cyclopentasiloxane, Bis-Octyldodecyl Dimer Dilinoleate/Propanediol Copolymer, Dimethicone, Ethylhexyl Methoxycrylene, Polyester-27, Triethoxycaprylylsilane, Beeswax, Hydroxyacetophenone, Sodium Chloride, PEG-12 Dimethicone Crosspolymer, 1,2-Hexanediol, Caprylyl Glycol, Tocopherol",2,Eucerin
63,https://mauivera.com,"Maui Vera Reef-Friendly Mineral Sunscreen",84,"Active Ingredients: Zinc Oxide 20%, Inactive Ingredients: *Aloe Barbadensis Leaf (Aloe) Juice, *Caprylic/Capric Triglyceride (Coconut Oil), Cetearyl Olivate, Sorbitane Olivate, Cetearyl Alcohol, Cetyl Alcohol, *Persea Americana (Avocado) Oil, Panthenol (Vitamin B-5), Lauroyl Lysine, Vitamin E Acetate, Polyhydroxy Stearic Acid, Benzyl Alcohol, Dehydroacetic Acid, Xanthan Gum, Sodium Phytate",2,"Maui Vera"
64,https://www.aoorganicshawaii.com/collections/sunscreen/products/liquid-reef-safe-sunscreen,"Ao Organics Liquid Reef-Safe Sunscreen",43,"(Non-Nano) Zinc Oxide, *Sunflower Oil, *Avocado Oil, *Jojoba Oil, *Vitamin E Oil, *Hawaiian Beeswax, *Shea Butter, *Red Raspberry Seed Oil, *Cacao Powder (for tint)
https://www.aoorganicshawaii.com/collections/sunscreen/products/sunscreen-stick, Sunscreen Stick Tinted 2.5 oz,  (Non-Nano) Zinc Oxide, *Sunflower Oil, *Avocado Oil, *Jojoba Oil, *Vitamin E Oil, *Hawaiian Beeswax, *Shea Butter, *Red Raspberry Seed Oil, *Cacao Powder (For Tint)",3,"Ao Organics"
65,https://www.aoorganicshawaii.com/collections/sunscreen/products/sunscreen-stick,"Ao organics Sunscreen Stick NON-Tinted 2.5 oz",42," (Non-Nano) Zinc Oxide, *Sunflower Oil, *Avocado Oil, *Jojoba Oil, *Vitamin E Oil, *Hawaiian Beeswax, *Shea Butter, *Red Raspberry Seed Oil, *Cacao Powder (For Tint) ",3,"Ao Organics"
66,https://www.aoorganicshawaii.com/collections/sunscreen/products/4-oz-sunscreen-tin,"Ao Organics Sunscreen Tin",41," (Non-Nano) Zinc Oxide, *Coconut Oil, *Shea Butter, *Beeswax, *Avocado Oil, *Red Raspberry Seed Oil, *Vitamin E Oil, *Cacao Powder (For Tint) ",3,"Ao Organics"
67,https://www.solremedies.com/products/reef-safe-sunscreen,"Sol Remedies Reef Safe Sunscreen",88,"red raspberry seed oil, coconut oil, almond oil, aloe vera, beeswax, vitamin E, pomegranate extract, lavender and non-nano zinc",3,"Sol Remedies"
68,https://www.aveeno.com/products/positively-mineral-sensitive-skin-sunscreen-spf-50,"Aveeno Positively Mineral
Sensitive Skin Sunscreen Broad Spectrum SPF 50",44,"Zinc Oxide: 21.6%, Water, C12-15 Alkyl Benzoate, Styrene/Acrylates Copolymer, Octyldodecyl Citrate Crosspolymer, Phenyl Trimethicone, Cetyl PEG/PPG-10/1 Dimethicone, Dimethicone, Polyhydroxystearic Acid, Glycerin, Ethyl Methicone, Silica, Cetyl Dimethicone, Triethoxycaprylylsilane, Phenoxyethanol, Glyceryl Behenate, Sodium Chloride, Acrylates/Dimethicone Copolymer, Chlorphenesin, Phenethyl Alcohol, Avena Sativa (Oat) Kernel Flour, Caprylyl Glycol, Cetyl Dimethicone/Bis-Vinyldimethicone Crosspolymer, Chrysanthemum Parthenium (Feverfew) Flower/Leaf/Stem Juice",2,Aveeno
69,https://www.aveeno.com/products/positively-mineral-sunscreen-stick-spf-50,"Aveeno Sunscreen Stick SPF 50",45,"Zinc Oxide (21.6%),Octyldodecyl Neopentanoate, C12-15 Alkyl Benzoate, Polyethylene, Paraffin, Silica, Neopentyl Glycol Diethylhexanoate, Ozokerite, Isopropyl Myristate, Adipic Acid/Diglycol Crosspolymer, Triethoxycaprylylsilane, Neopentyl Glycol Diisostearate, Caprylyl Glycol, Avena Sativa (Oat) Kernel Oil, Tocopheryl Acetate",2,Aveeno
70,https://www.aveeno.com/products/positively-mineral-sensitive-skin-face-sunscreen-spf-50,"Aveeno Positively Mineral Sensitive Skin Sunscreen Broad Spectrum SPF 50 for Face",46,"Zinc Oxide 21.6%, Water, C12-15 Alkyl Benzoate, Styrene/Acrylates Copolymer, Octyldodecyl Citrate Crosspolymer, Phenyl Trimethicone, Cetyl PEG/PPG-10/1 Dimethicone, Dimethicone, Glycerin, Polyhydroxystearic Acid, Ethyl Methicone, Silica, Cetyl Dimethicone, Triethoxycaprylylsilane, Phenoxyethanol, Glyceryl Behenate, Sodium Chloride, Acrylates/Dimethicone Copolymer, Chlorphenesin, Phenethyl Alcohol, Avena Sativa (Oat) Kernel Flour, Caprylyl Glycol, Cetyl Dimethicone/Bis-Vinyldimethicone Crosspolymer, Tocopheryl Acetate, Chrysanthemum Parthenium (Feverfew) Flower/Leaf/Stem Juice",2,Aveeno
72,https://thinksun.com/products/thinksport-spf-50-clear-zinc-sunscreen?_pos=1&_sid=a869bbcba&_ss=r,"Thinksport Clear Zinc SPF 50 Sunscreen",107,"Active Ingredient: Zinc Oxide 20% (Non-nano)Inactive Ingredients: PURIFIED WATER, CAPRYLIC/CAPRIC TRIGLYCERIDE, POLYGLYCERYL-4 ISOSTEARATE, GLYCERIN, HYDROGENATED GLYCERYL ABIETATE, HEXYL LAURATE, CETYL DIMETHICONE, ALOE BARBADENSIS LEAF JUICE, HYDROGENATED CASTOR OIL, MAGNESIUM SULFATE, HELIANTHUS ANNUUS (SUNFLOWER) SEED OIL, SIMMONDSIA CHINENSIS (JOJOBA) SEED OIL, TOCOPHEROL, OLEA EUROPAEA (OLIVE) FRUIT OIL, RUBUS IDAEUS (RASPBERRY) SEED OIL, VACCINIUM MACROCARPON (CRANBERRY) SEED OIL, SODIUM HYALURONATE, CARICA PAPAYA (PAPAYA) FRUIT EXTRACT, RIBES NIGRUM (BLACK CURRANT) EXTRACT, CITRUS PARIDISI (PINK GRAPEFRUIT) PEEL OIL, SORBITAN SESQUIOLEATE, CAPRYLHYDROXAMIC ACID, TRIETHOXYCAPRYLYLSILANE, GLYCERYL CAPRYLATE.",3,Thinksport
73,https://thinksun.com/products/thinkbaby-safe-sunscreen-spf-50-6oz-family-size-95?variant=20159406309489&currency=USD&utm_medium=product_sync&utm_source=google&utm_content=sag_organic&utm_campaign=sag_organic&nbt=nb%3Aadwords%3Ax%3A18962272254%3A%3A&nb_adtype=pla_with_promotion&nb_kwd=&nb_ti=&nb_mi=143732884&nb_pc=online&nb_pi=shopify_US_2057063694449_20159406309489&nb_ppi=&nb_placement=&nb_li_ms=&nb_lp_ms=&nb_fii=&nb_ap=&nb_mt=&utm_source=google&utm_medium=cpc&utm_campaign=18962272254&gclid=Cj0KCQiA3eGfBhCeARIsACpJNU8-AR50_na3JkdrlIlQscCIyz8plkqnuQS7SzFBSJz-1xkwuDOb64UaAl7_EALw_wcB,"Thinkbaby Safe Sunscreen SPF 50",106,"Active Ingredient: Zinc Oxide 20% (Non-nano) INACTIVE INGREDIENTS: WATER, CAPRYLIC/CAPRIC TRIGLYCERIDE, POLYGLYCERYL-4 ISOSTEARATE, CETYL DIMETHICONE, HEXYL LAURATE, GLYCERIN, HYDROGENATED METHYL ABIETATE, MAGNESIUM SULFATE, CAPRYLHYDROXAMIC ACID, GLYCERYL CAPRYLATE, HYDROGENATED CASTOR OIL, SORBITAN SESQUIOLEATE, CARICA PAPAYA (PAPAYA) FRUIT EXTRACT, HELIANTHUS ANNUUS (SUNFLOWER) OIL, SIMMONDSIA CHINENSIS (JOJOBA) SEED OIL, TOCOPHEROL, OLEA EUROPAEA (OLIVE) FRUIT OIL, HYALURONIC ACID",3,Thinkbaby
75,https://www.walmart.com/ip/Olay-Complete-Cream-Moisturizer-with-SPF-15-Normal-2-0-oz/888151?wmlspartner=wlpa&selectedSellerId=0&wl13=5051&adid=22222222227000000000&wl0=&wl1=g&wl2=c&wl3=42423897272&wl4=pla-51320962143&wl5=9028893&wl6=&wl7=&wl8=&wl9=pla&wl10=8175035&wl11=local&wl12=888151&veh=sem&gclid=Cj0KCQiA3eGfBhCeARIsACpJNU-3nMlae9o-mpTvia5l4t9w4k1M2GtPr401t_OPstrgFiSd_wW6MmoaAjKqEALw_wcB,"Olay Moisturizer, All Day, With Sunscreen, Normal (Olay Complete Cream Moisturizer with SPF 15 Normal, 2.0 oz)",85,"Active ingredients: Avobenzone 3.0%, Homosalate 4.0%, Octisalate 4.5%, Octocrylene 2.6%",1,Olay
76,https://www.neutrogena.com/products/sun/sheer-zinc-kids-mineral-sunscreen-broad-spectrum-spf-50/6811294.html?tilePosition=2,"Neutrogena Neutrogena Sheer Zinc Kids Mineral Sunscreen Broad Spectrum SPF 50+",17,"Active ingredients Zinc Oxide (21.6%) Inactive ingredients Water, C12-15 Alkyl Benzoate, Styrene/Acrylates Copolymer, Octyldodecyl Citrate Crosspolymer, Phenyl Trimethicone, Cetyl PEG/PPG-10/1 Dimethicone, Dimethicone, Glycerin, Polyhydroxystearic Acid, Ethyl Methicone, Silica, Cetyl Dimethicone, Triethoxycaprylylsilane, Phenoxyethanol, Glyceryl Behenate, Sodium Chloride, Acrylates/Dimethicone Copolymer, Chlorphenesin, Phenethyl Alcohol, Caprylyl Glycol, Cetyl Dimethicone/Bis-Vinyldimethicone Crosspolymer, Chrysanthemum Parthenium (Feverfew) Flower/Leaf/Stem Juice",2,Neutrogena
77,https://www.neutrogena.com/products/sun/pure-and-free-baby-sunscreen-lotion-broad-spectrum-spf-50/6811082.html,"Neutrogena Pure & Free Baby Sunscreen Lotion Broad Spectrum SPF 50",4,"Zinc Oxide 21.6%  Water, C12-15 Alkyl Benzoate, Styrene/Acrylates Copolymer, Octyldodecyl Citrate Crosspolymer, Phenyl Trimethicone, Cetyl Peg/Ppg-10/1 Dimethicone, Dimethicone, Polyhydroxystearic Acid, Glycerin, Ethyl Methicone, Cetyl Dimethicone, Silica, Chrysanthemum Parthenium (Feverfew) Flower/Leaf/Stem Juice, Glyceryl Behenate, Phenethyl Alcohol, Caprylyl Glycol, Cetyl Dimethicone/Bis-Vinyldimethicone Crosspolymer, Acrylates/Dimethicone Copolymer, Sodium Chloride, Phenoxyethanol,",2,Neutrogena
78,https://www.neutrogena.com/products/sun/sheer-zinc-dry-touch-sunscreen-broad-spectrum-spf-50/6811080XX.html?tilePosition=2,"Neutrogena Sheer Zinc Dry-Touch Sunscreen Broad Spectrum SPF 50",1,"Zinc oxide 21.6% (sunscreen). Water, C12-15 Alkyl Benzoate, Styrene/acrylates Copolymer, Octyldodecyl Citrate Crosspolymer, Phenyl Trimethicone, Cetyl PEG/PPG-10/1 Dimethicone, Dimethicone, Polyhydroxystearic Acid, Glycerin, Ethyl Methicone, Cetyl Dimethicone, Silica, Chrysanthemum Parthenium (Feverfew) Flower/leaf/stem Juice, Glyceryl Behenate, Phenethyl Alcohol, Caprylyl Glycol, Cetyl Dimethicone/bis-vinyldimethicone Crosspolymer, Acrylates/dimethicone Copolymer, Sodium Chloride, Phenoxyethanol, Chlorphenesin.",2,Neutrogena
79,https://www.neutrogena.com/products/sun/sheer-zinc-face-dry-touch-sunscreen-broad-spectrum-spf-50-for-sensitive-skin/6811081.html?tilePosition=1,"Neutrogena Sheer Zinc Face Dry-Touch Sunscreen Broad Spectrum SPF 50 For Sensitive Skin",18,"Zinc oxide 21.6% (sunscreen) Water, C12-15 Alkyl Benzoate, Octyldodecyl Citrate Crosspolymer, Styrene/Acrylates Copolymer, Phenyl Trimethicone, Cetyl PEG/PPG-10/1 Dimethicone, Dimethicone, Polyhydroxystearic Acid, Glycerin, Ethyl Methicone, Cetyl Dimethicone, Silica, Colloidal Oatmeal, Tocopheryl Acetate, Chrysanthemum Parthenium (Feverfew) Flower/Leaf/Stem Juice, Glyceryl Behenate, Phenethyl Alcohol, Caprylyl Glycol, Cetyl Dimethicone/Bis-Vinyldimethicone Crosspolymer, Acrylates/Dimethicone Copolymer, Sodium Chloride, Phenoxyethanol, Chlorphenesin",2,Neutrogena
80,https://coola.com/products/classic-body-organic-sunscreen-spray-spf-50-guava-mango?variant=39261129343018,"Coola Classic Body Organic Sunscreen Spray SPF 50 - Guava Mango",16,"Active Ingredients (Sunscreen): Avobenzone 2.9%, Homosalate 4.0%, Octisalate 4.9%, Octocrylene 9.5% Inactive Ingredients: Alcohol (ORGANIC), Brassica Campestris (Rapeseed) Seed Oil, Butyloctyl Salicylate, Camelina Sativa Seed Oil, Carthamus Tinctorius (Safflower) Seed Oil (ORGANIC), Ethyl Ferulate, Flavor*, Limnanthes Alba (Meadowfoam) Seed Oil, Mauritia Flexuosa (Buriti) Fruit Oil (ORGANIC), Opuntia Ficus-Indica Flower Extract, Rubus Idaeus (Raspberry) Seed Oil (ORGANIC), VA/Butyl Maleate/Isobornyl Acrylate Copolymer
*Naturally derived",1,Coola
81,https://coola.com/products/classic-body-organic-sunscreen-spray-spf-50-fragrance-free?variant=39261136093226,"Coola Classic Body Organic Sunscreen Spray SPF 50 - Fragrance Free",15,"Active Ingredients (Sunscreen): Avobenzone 2.9%, Homosalate 4.0%, Octisalate 4.9%, Octocrylene 9.5%
Inactive Ingredients: Alcohol (ORGANIC), Brassica Campestris (Rapeseed) Seed Oil, Butyloctyl Salicylate, Camelina Sativa Seed Oil, Carthamus Tinctorius (Safflower) Seed Oil (ORGANIC), Ethyl Ferulate, Limnanthes Alba (Meadowfoam) Seed Oil, Mauritia Flexuosa (Buriti) Fruit Oil (ORGANIC), Opuntia Ficus-Indica Flower Extract, Rubus Idaeus (Raspberry) Seed Oil (ORGANIC), VA/Butyl Maleate/Isobornyl Acrylate Copolymer",1,Coola
82,https://coola.com/collections/sunscreen-body/products/classic-body-organic-sunscreen-spray-spf-30-tropical-coconut,"Coola Classic Body Organic Sunscreen Spray SPF 30 - Tropical Coconut",14,"Active Ingredients (Sunscreen): Avobenzone 2.8%, Octisalate 4.9%, Octocrylene 7.6%
Inactive Ingredients: Alcohol (ORGANIC), Aloe Barbadensis Leaf Juice, Butyloctyl Salicylate, Carthamus Tinctorius (Safflower) Seed Oil (ORGANIC), Dimethyl Heptenal , Gamma-Nonalactone , Gamma-Octalactone , Limnanthes Alba (Meadowfoam) Seed Oil, Maltol , Mauritia Flexuosa (Buriti) Fruit Oil (ORGANIC), Methyl Dihydroabietate, Opuntia Ficus-Indica Seed Oil, Rubus Idaeus (Raspberry) Seed Oil (ORGANIC), Trans-2-Hexenal , Triethyl Citrate , Vanillin",1,Coola
83,https://coola.com/collections/sunscreen-body/products/classic-body-organic-sunscreen-lotion-spf-50-guava-mango?variant=39261066690602,"Classic Body Organic Sunscreen Lotion SPF 50 - Guava Mango",53,"Active Ingredients (Sunscreen): Avobenzone 1.75%, Homosalate 5.0% Octisalate 2.0%, Octocrylene 5.0%
Inactive Ingredients: Aloe Barbadensis Leaf Juice (ORGANIC), Brassica Campestris (Rapeseed) Seed Oil, Butylene Glycol, Camelina Sativa Seed Oil, Caprylyl Glycol, Carthamus Tinctorius (Safflower) Oleosomes, Carthamus Tinctorius (Safflower) Seed Oil (ORGANIC), Cetearyl Alcohol, Cetyl Palmitate, Decyl Glucoside, Dimethicone, Flavor*, Glycerin (ORGANIC), 1,2-Hexanediol, Limnanthes Alba (Meadowfoam) Seed Oil, Mauritia Flexuosa (Buriti) Fruit Oil, Methyl Dihydroabietate, Opuntia Ficus-Indica Flower Extract, Polyacrylate Crosspolymer-6, Polysilicone-11, Rubus Idaeus (Raspberry) Seed Oil, Silica, Sodium Hydroxide, Sodium Phytate, Sorbitan Oleate, Sorbitan Palmitate, Tropolone, Water, Xanthan Gum",1,Coola
84,https://coola.com/products/classic-body-organic-sunscreen-lotion-spf-50-fragrance-free,"Classic Body Organic Sunscreen Lotion SPF 50 - Fragrance Free",54,"Active Ingredients (Sunscreen): Avobenzone 1.75%, Homosalate 5.0% Octisalate 2.0%, Octocrylene 5.0%
Inactive Ingredients: Aloe Barbadensis Leaf Juice (ORGANIC), Brassica Campestris (Rapeseed) Seed Oil, Butylene Glycol, Camelina Sativa Seed Oil, Caprylyl Glycol, Carthamus Tinctorius (Safflower) Oleosomes, Carthamus Tinctorius (Safflower) Seed Oil (ORGANIC), Cetearyl Alcohol, Cetyl Palmitate, Decyl Glucoside, Dimethicone, Glycerin (ORGANIC), 1,2-Hexanediol, Limnanthes Alba (Meadowfoam) Seed Oil, Mauritia Flexuosa (Buriti) Fruit Oil, Methyl Dihydroabietate, Opuntia Ficus-Indica Flower Extract, Polyacrylate Crosspolymer-6, Polysilicone-11, Rubus Idaeus (Raspberry) Seed Oil, Silica, Sodium Hydroxide, Sodium Phytate, Sorbitan Oleate, Sorbitan Palmitate, Tropolone, Water, Xanthan Gum",1,Coola
85,https://www.bananaboat.com/products/banana-boat-baby-100-mineral-lotion-spf-50?_pos=1&_sid=22092fa6e&_ss=r,"Banana Boat Baby 100% Mineral Sunscreen Lotion SPF50",5,"Active Ingredients: Titanium Dioxide (4.5%), Zinc Oxide (6.5%)
Inactive Ingredients: Water, Caprylic/ Capric Triglyceride, Isohexadecane, Butyloctyl Salicylate, Octyldodecyl Citrate Crosspolymer, Cetyl Peg/ Ppg-10/ 1 Dimethicone, Lauryl Peg-8 Dimethicone, C30-38 Olefin/ Isopropyl Maleate/ Ma Copolymer, Sodium Chloride, Ethylhexyl Methoxycrylene, Dimethicone, Phenoxyethanol, Caprylyl Glycol, Peg-8, Alumina, Glycerin, Sodium Citrate, Tocopheryl Acetate",2,"Banana Boat"
87,https://www.bananaboat.com/products/banana-boat-kids-sport-lotion-spf-50?_pos=1&_sid=eec165548&_ss=r,"Banana Boat Kid's Sport Lotion, SPF 50",12,"Titanium dioxide 4.5%, zinc oxide 6.5%",2,"Banana Boat"
88,https://www.bananaboat.com/products/banana-boat-kids-sport-stick-spf-50?_pos=1&_sid=32db63409&_ss=r,"Banana Boat Kids Sport Stick SPF 50",11,"Avobenzone 2.7%, homosalate 9.0%, octisalate 4.5%, octocrylene 9.0%",1,"Banana Boat"
89,https://www.bananaboat.com/products/banana-boat-kids-sport-spray-spf-50?_pos=1&_sid=854c53e43&_ss=r,"Banana Boat Kids Sport Sunscreen Spray, Broad Spectrum SPF 50+",10,"Avobenzone 3.0%, homosalate 10.0%, octisalate 5.0%, octocrylene 6.0%",1,"Banana Boat"
90,https://www.bananaboat.com/products/banana-boat-dry-oil-spray-spf-15?_pos=1&_sid=bb241ab9b&_ss=r,"Banana Boat Protective Dry Oil Sunscreen with Argan Oil, SPF 15",9,"Avobenzone 1.5%, homosalate 5.0%, octocrylene 3.5%",1,"Banana Boat"
91,https://www.bananaboat.com/products/banana-boat-sport-ultra-lotion-spf-50?_pos=2&_sid=55b871734&_ss=r,"Banana Boat Sport Performance Sunscreen Lotion, SPF 50+",6,"Avobenzone 2.7%, homosalate 9.0%, octisalate 4.5%, octocrylene 6.5%",1,"Banana Boat"
92,https://www.bananaboat.com/products/banana-boat-sport-ultra-lotion-spf-50?_pos=2&_sid=55b871734&_ss=r,"Banana Boat Sport Performance Sunscreen, SPF 50",2,"Avobenzone 2.7%, homosalate 9.0%, octisalate 4.5%, octocrylene 6.5%",1,"Banana Boat"
93,https://www.bananaboat.com/products/banana-boat-sport-ultra-spray-spf-50?_pos=1&_sid=2e4142105&_ss=r,"Banana Boat Sport Sunscreen Spray, SPF 50+",3,"Avobenzone 2.7%, homosalate 9.0%, octisalate 4.5%, octocrylene 6.0%",1,"Banana Boat"
94,https://www.bananaboat.com/products/banana-boat-sport-ultra-lip-balm-spf-50?_pos=1&_sid=932e81ee7&_ss=r,"Banana Boat Sport Ultra Lip Balm, SPF 50",19,"Avobenzone 2.0%, octocrylene 10.0%, oxybenzone 6.0%",1,"Banana Boat"
95,https://www.bananaboat.com/products/banana-boat-deep-tanning-dry-oil-spray-spf-4?_pos=2&_sid=7e151fc4e&_ss=r,"Banana Boat Sunscreen, Spray, Deep Tanning Oil, SPF 4",13,"homosalate 3.0%, octocrylene 4.5%",1,"Banana Boat"
96,https://www.bananaboat.com/products/banana-boat-sport-ultra-spray-spf-50?_pos=1&_sid=f43931753&_ss=r,"Banana Boat Ultra Sport Clear Sunscreen Spray, SPF 50+",20,"Avobenzone 2.7%, homosalate 9.0%, octisalate 4.5%, octocrylene 6.0%",1,"Banana Boat"
97,https://www.bananaboat.com/products/banana-boat-sport-ultra-lotion-spf-15?_pos=1&_sid=10fb6e371&_ss=r,"Banana Boat Ultra Sport Performance SPF 15 Sunscreen",7,"Avobenzone 2.0%, homosalate 3.0%, octisalate 4.5%, octocrylene 3.0%",1,"Banana Boat"
98,https://www.bananaboat.com/products/banana-boat-sport-ultra-lotion-spf-30?_pos=4&_sid=2e46081e7&_ss=r,"Banana Boat Ultra Sport Performance Sunscreen, SPF 30",49,"Avobenzone 2.7%, homosalate 6.0%, octisalate 4.5%, octocrylene 4.5%",1,"Banana Boat"
100,https://littlehandshawaii.com/collections/frontpage/products/3-4oz-organic-spf-35-sunscreen,"Body & Face Mineral Sunscreen - Little Hands Hawaii",83,"INGREDIENTS  Active: Non-Nano Zinc Oxide  Inactive: Organic Sunflower Oil, Organic Jojoba Oil, Kokum Butter, Local Beeswax, Vitamin E Oil, and Frankincense Essential Oil.    APPLICATION  Apply body and face sunscreen liberally to all exposed skin before sun exposure, which can be rubbed in to reduce whitening. Re-apply after 80min or after sunscreen is rubbed off, after toweling off or sweating.  *A little goes a long way    Please note that tinted products can stain clothing if not spot treated before washing. It is best to treat them like a foundation.",3,"Little Hands Hawaii"
105,https://www.ewg.org/sunscreen/about-the-sunscreens/981288/Hawaiian_Tropic_Lip_Balm_Sunscreen_Stick%2C_Tropical%2C_SPF_30/,"Hawaiian Tropic Lip Balm Sunscreen Stick, Tropical, SPF 30",80,"Ingredients from labelActive ingredients: Avobenzone 3.0%, Octisalate 5.0%, Octocrylene 10.0%, Inactive Ingredients: Caprylic/Capric Triglyceride, Ozokerite, Petrolatum, Ethylhexyl Palmitate, Flavor, Oryza Sativa (Rice) Bran Wax, VP/Eicosene Copolymer, PEG-8, Sodium Saccharin, Tocopheryl Acetate",1,"Hawaiian Tropic"
106,https://www.ewg.org/sunscreen/about-the-sunscreens/981291/Hawaiian_Tropic_Antioxidant%2B_Sunscreen_Lotion%2C_SPF_30/,"Hawaiian Tropic Antioxidant+ Sunscreen Lotion, SPF 30",66,"Ingredients from labelActive Ingredients: Avobenzone (3. 0 %), Homosalate (9. 0 %), Octisalate (4. 0 %), Octocrylene (5. 0 %), Inactive Ingredients: Water Diisopropyl Adipate Cetearyl Alcohol Glycerin Phenoxyethanol Benzyl Alcohol Acrylates/C12-22 Alkyl Methacrylate Copolymer Propylene Glycol Acrylates/C10-30 Alkyl Acrylate Crosspolymer Dicetyl Phosphate Ceteth-10 Phosphate Coco-Glucoside Chlorphenesin Fragrance Xanthan Gum Sodium Hydroxide Camellia Sinensis Leaf Extract Disodium Edta Tocopheryl Acetate Mangifera Indica (Mango) Seed Butter Psidium Guajava Fruit Extract Carica Papaya (Papaya) Fruit Extract Mangifera Indica (Mango) Fruit Extract Passiflora Incarnata Fruit Extract Plumeria Acutifolia Flower Extract Panthenol Aloe Barbadensis Leaf Juice Sodium Ascorbyl Phosphate",1,"Hawaiian Tropic"
107,https://www.ewg.org/sunscreen/about-the-sunscreens/929038/Hawaiian_Tropic_Island_Sport_Ultra_Light_High_Performance_Sunscreen_Spray%2C_Light_Tropical_Scent%2C_SPF_30/,"Hawaiian Tropic Island Sport Ultra Light High Performance Sunscreen Spray, Light Tropical Scent, SPF 30",74,"Ingredients from labelActive Ingredients: Avobenzone 2.0%, Homosalate 7.0%, Octocrylene 5.0%; Inactive Ingredients: ALCOHOL DENAT, ISOBUTANE, ISODODECANE, DIISOPROPYL ADIPATE, LAURYL PEG-8 DIMETHICONE, PHENYLISOPROPYL DIMETHICONE, POLYGLYCERYL-3 STEARATE/ISOSTEARATE/DIMER DILINOLEATE COPOLYMER, CAPRYLYL GLYCOL, HYDROGENATED METHYL ABIETATE, MINERAL OIL, ASCORBYL PALMITATE, TOCOPHERYL ACETATE, PANTHENOL, WATER, ALOE BARBADENSIS LEAF EXTRACT, CARICA PAPAYA (PAPAYA) FRUIT EXTRACT, COLOCASIA ANTIQUORUM ROOT EXTRACT, MANGIFERA INDICA (MANGO) FRUIT EXTRACT, PASSIFLORA INCARNATA FRUIT EXTRACT, PLUMERIA ACUTIFOLIA FLOWER EXTRACT, PSIDIUM GUAJAVA FRUIT EXTRACT, FRAGRANCE",1,"Hawaiian Tropic"
108,https://www.ewg.org/sunscreen/about-the-sunscreens/972020/Hawaiian_Tropic_Silk_Hydration_Sunscreen_Spray%2C_SPF_30/,"Hawaiian Tropic Silk Hydration Sunscreen Spray, SPF 30",61,"Ingredients from labelActive Ingredients: Avobenzone 1.0%, Octocrylene 7.7%, Oxybenzone 3.0%; Inactive Ingredients: INACTIVE INGREDIENTS: ALCOHOL DENAT., ACRYLATES/OCTYLACRYLAMIDE COPOLYMER, CAPRYLYL GLYCOL, MINERAL OIL, PEG-8 DIMETHICONE, ALOE BARBADENSIS LEAF EXTRACT, CARICA PAPAYA (PAPAYA) FRUIT EXTRACT, COLOCASIA ANTIQUORUM ROOT EXTRACT, MANGIFERA INDICA (MANGO) FRUIT EXTRACT, PASSIFLORA INCARNATA FRUIT EXTRACT, PLUMERIA ACUTIFOLIA FLOWER EXTRACT, PSIDIUM GUAJAVA FRUIT EXTRACT, OCTYLDODECANOL, RETINYL PALMITATE, SILICA, TOCOPHERYL ACETATE, ASCORBIC ACID, SODIUM PROPOXYHYDROXYPROPYL THIOSULFATE SILICA, FRAGRANCE",1,"Hawaiian Tropic"
110,https://www.ewg.org/sunscreen/about-the-sunscreens/939815/Hawaiian_Tropic_Silk_Hydration_Weightless_Sunscreen_Lotion%2C_SPF_50/,"Hawaiian Tropic Silk Hydration Weightless Sunscreen Lotion, SPF 50",70,"Ingredients from labelActive Ingredients: Avobenzone 2.7%, Homosalate 8.0%, Octisalate 4.0%, Octocrylene 4.5%; Inactive Ingredients: WATER, BUTYLOCTYL SALICYLATE, C12-15 ALKYL BENZOATE, DIISOPROPYL ADIPATE, HYDROXYETHYL ACRYLATE/SODIUM ACRYLOYLDIMETHYL TAURATE COPOLYMER, BUTYLENE GLYCOL, CETEARYL ALCOHOL, PHENOXYETHANOL, ISOHEXADECANE, CAPRYLYL GLYCOL, ACRYLATES/C12-22 ALKYL METHACRYLATE COPOLYMER, BENZYL ALCOHOL, FRAGRANCE, CHLORPHENESIN, CETETH-10 PHOSPHATE, DICETYL PHOSPHATE, POLYSORBATE 60, XANTHAN GUM, COCO-GLUCOSIDE, DISODIUM EDTA, AMINOMETHYL PROPANOL, MICA, TOCOPHERYL ACETATE, TITANIUM DIOXIDE, PANTHENOL, ALOE BARBADENSIS LEAF JUICE, SILK AMINO ACIDS, SODIUM ASCORBYL PHOSPHATE, PSIDIUM GUAJAVA FRUIT EXTRACT, PLUMERIA ACUTIFOLIA FLOWER EXTRACT, PASSIFLORA INCARNATA FRUIT EXTRACT, MANGIFERA INDICA (MANGO) FRUIT EXTRACT, CARICA PAPAYA (PAPAYA) FRUIT EXTRACT, IRON OXIDES.",1,"Hawaiian Tropic"
111,https://www.ewg.org/sunscreen/about-the-sunscreens/978261/Hawaiian_Tropic_Antioxidant%2B_Refresh_Sunscreen_Mist%2C_SPF_30/,"Hawaiian Tropic Antioxidant+ Refresh Sunscreen Mist, SPF 30",76,"Ingredients from labelActive Ingredients: Avobenzone 2.7%, Homosalate 6.0%, Octocrylene 6.0%; Inactive Ingredients: ALCOHOL DENAT., ISODODECANE, DIISOPROPYL ADIPATE, VA/BUTYL MALEATE/ISOBORNYL ACRYLATE COPOLYMER, CAPRYLYL GLYCOL , DIMETHICONE, FRAGRANCE, CAMELLIA SINENSIS LEAF EXTRACT",1,"Hawaiian Tropic"
112,https://www.ewg.org/sunscreen/about-the-sunscreens/939313/Hawaiian_Tropic_Sheer_Touch_Ultra_Radiance_Sunscreen_Lotion%2C_SPF_30/,"Hawaiian Tropic Sheer Touch Ultra Radiance Sunscreen Lotion, SPF 30",59,"Ingredients from labelActive Ingredients: Avobenzone 2.0%, Homosalate 5.5%, Octisalate 4.5%, Octocrylene 4.0%; Inactive Ingredients: WATER, C12-15 ALKYL BENZOATE, CETEARYL ALCOHOL, PHENOXYETHANOL, VP/EICOSENE COPOLYMER, DIISOPROPYL ADIPATE, NEOPENTYL GLYCOL DIHEPTANOATE, MICA, DIMETHICONE, GLYCERIN, FRAGRANCE, POLYMETHYLSILSESQUIOXANE, ACRYLATES/C10-30 ALKYL ACRYLATE CROSSPOLYMER, COCO-GLUCOSIDE, METHYLPARABEN, PROPYLENE GLYCOL DIBENZOATE, CETETH-10 PHOSPHATE, DICETYL PHOSPHATE, PROPYLPARABEN, SODIUM HYDROXIDE, DISODIUM EDTA, PARAFFIN, XANTHAN GUM, BUTYROSPERMUM PARKII (SHEA) BUTTER, JOJOBA ALCOHOL, POTASSIUM JOJOBATE, SIMMONDSIA CHINENSIS (JOJOBA) BUTTER, MANGIFERA INDICA (MANGO) SEED BUTTER, PROPANEDIOL, TOCOPHERYL ACETATE, CARICA PAPAYA (PAPAYA) FRUIT EXTRACT, COLOCASIA ANTIQUORUM ROOT EXTRACT, MANGIFERA INDICA (MANGO) FRUIT EXTRACT, PASSIFLORA INCARNATA FRUIT EXTRACT, PLUMERIA ACUTIFOLIA FLOWER EXTRACT, PSIDIUM GUAJAVA FRUIT EXTRACT, PANTHENOL, ALOE BARBADENSIS LEAF JUICE, SODIUM ASCORBYL PHOSPHATE, TITANIUM DIOXIDE.",1,"Hawaiian Tropic"
113,https://www.ewg.org/sunscreen/about-the-sunscreens/939712/Hawaiian_Tropic_Silk_Hydration_Weightless_Clear_Sunscreen_Spray%2C_SPF_50/,"Hawaiian Tropic Silk Hydration Weightless Clear Sunscreen Spray, SPF 50",71,"Ingredients from labelActive Ingredients: Avobenzone 2.7%, Homosalate 9.0%, Octisalate 4.5%, Octocrylene 7.0%; Inactive Ingredients: ALCOHOL DENAT., ISOBUTANE, ISODODECANE, C12-15 ALKYL BENZOATE, VA/BUTYL MALEATE/LSOBORNYL ACRYLATE COPOLYMER, CAPRYLYL GLYCOL, DIMETHICONE, FRAGRANCE, TOCOPHERYL ACETATE, ASCORBYL PALMITATE, MINERAL OIL, WATER, PANTHENOL, CARICA PAPAYA (PAPAYA) FRUIT EXTRACT, MANGIFERA INDICA (MANGO) FRUIT EXTRACT, PASSIFLORA INCARNATA FRUIT EXTRACT, PLUMERIA ACUTIFOLIA FLOWER EXTRACT, PSIDIUM GUAJAVA FRUIT EXTRACT, ALOE BARBADENSIS LEAF EXTRACT.",1,"Hawaiian Tropic"
115,https://www.ewg.org/sunscreen/about-the-sunscreens/939974/Hawaiian_Tropic_Antioxidant_%2B_Sunscreen_Lotion%2C_SPF_50/,"Hawaiian Tropic Antioxidant + Sunscreen Lotion, SPF 50",67,"Ingredients from labelActive Ingredients: Avobenzone 2.7%, Homosalate 9.0%, Octisalate 4.0%, Octocrylene 5.0%; Inactive Ingredients: WATER, DIISOPROPYL ADIPATE, CETEARYL ALCOHOL, GLYCERIN, PHENOXYETHANOL, BENZYL ALCOHOL, ACRYLATES/C12-22 ALKYL METHACRYLATE COPOLYMER, PROPYLENE GLYCOL, ACRYLATES/C10-30 ALKYL ACRYLATE CROSSPOLYMER, DICETYL PHOSPHATE, CETETH-10 PHOSPHATE, COCO-GLUCOSIDE, CHLORPHENESIN, FRAGRANCE, XANTHAN GUM, SODIUM HYDROXIDE, CAMELLIA SINENSIS LEAF EXTRACT, DISODIUM EDTA, TOCOPHERYL ACETATE, MANGIFERA INDICA (MANGO) SEED BUTTER, PSIDIUM GUAJAVA FRUIT EXTRACT, CARICA PAPAYA (PAPAYA) FRUIT EXTRACT, MANGIFERA INDICA (MANGO) FRUIT EXTRACT, PASSIFLORA INCARNATA FRUIT EXTRACT, PLUMERIA ACUTIFOLIA FLOWER EXTRACT, PANTHENOL, ALOE BARBADENSIS LEAF JUICE, SODIUM ASCORBYL PHOSPHATE.",1,"Hawaiian Tropic"
118,https://www.ewg.org/sunscreen/about-the-sunscreens/981508/Hawaiian_Tropic_Mineral_Skin_Nourishing_Sunscreen_Milk%2C_SPF_30/,"Hawaiian Tropic Mineral Skin Nourishing Sunscreen Milk, SPF 30",78,"Ingredients from labelActive Ingredients: Titanium Dioxide 4.3%, Zinc Oxide 6.0%; Inactive Ingredients: WATER, C12-15 ALKYL BENZOATE, GLYCERIN, CAPRYLIC/CAPRIC TRIGLYCERIDE, CETYL PEG/PPG-10/1 DIMETHICONE, DIMETHICONE, LAURYL PEG-8 DIMETHICONE, VP/EICOSENE COPOLYMER, SODIUM CHLORIDE, COCOS NUCIFERA (COCONUT) OIL, ALCOHOL DENAT., POLYHYDROXYSTEARIC ACID, GLYCERYL STEARATE, PHENOXYETHANOL, STEARALKONIUM BENTONITE, CAPRYLYL GLYCOL, FRAGRANCE, ALUMINA, PROPYLENE CARBONATE, ALEURITES MOLUCCANUS SEED OIL, ETHYLHEXYLGLYCERIN, TRIETHOXYCAPRYLYLSILANE, MICA, MINERAL OIL, PSIDIUM GUAJAVA FRUIT EXTRACT, PLUMERIA ACUTIFOLIA FLOWER EXTRACT, PASSIFLORA INCARNATA FRUIT EXTRACT, MANGIFERA INDICA (MANGO) FRUIT EXTRACT, CARICA PAPAYA (PAPAYA) FRUIT EXTRACT, IRON OXIDES.",2,"Hawaiian Tropic"
122,https://www.ewg.org/sunscreen/about-the-sunscreens/981293/Hawaiian_Tropic_Mineral_Skin_Nourishing_Milk_Sunscreen_Lotion%2C_SPF_50_/,"Hawaiian Tropic Mineral Skin Nourishing Milk Sunscreen Lotion, SPF 50 ",69,"Ingredients from labelActive ingredients: Titanium Dioxide 4.9% Zinc Oxide 6.7%, Inactive ingredients: Water, C12-15 Alkyl Benzoate, Glycerin, Caprylic/Capric Triglyceride, Cetyl Peg/Ppg-10/1 Dimethicone, Dimethicone, Lauryl Peg-8 Dimethicone, Stearyl/Octyldodecyl Citrate Crosspolymer, Polyhydroxystearic Acid, Sodium Chloride, Alcohol Denat., Cocos Nucifera (Coconut) Oil, Phenoxyethanol, Stearalkonium Bentonite, Caprylyl Glycol, Fragrance, Alumina, Propylene Carbonate, Aleurites Moluccanus Seed Oil, Ethylhexylglycerin, Triethoxycaprylylsilane, Mica, Mineral Oil, Psidium Guajava Fruit Extract, Plumeria Acutifolia Flower Extract, Passiflora Incarnata Fruit Extract, Mangifera Indica (Mango) Fruit Extract, Carica Papaya (Papaya) Fruit Extract, Iron Oxides",2,"Hawaiian Tropic"
125,https://www.ewg.org/sunscreen/about-the-sunscreens/929037/Hawaiian_Tropic_Island_Sport_High_Performance_Sunscreen_Lotion%2C_SPF_30/,"Hawaiian Tropic Island Sport High Performance Sunscreen Lotion, SPF 30",65,"Ingredients from labelActive Ingredients: Avobenzone 2.0%, Octocrylene 5.0%, Oxybenzone 3.0%; Inactive Ingredients: WATER, C12-15 ALKYL BENZOATE, BUTYLOCTYL SALICYLATE, CETEARYL ALCOHOL, NEOPENTYL GLYCOL DIHEPTANOATE, PHENETHYL BENZOATE, POLYMETHYLSILSESQUIOXANE, VP/EICOSENE COPOLYMER, CAPRYLYL GLYCOL, DIMETHICONE, GLYCERIN, TRIETHANOLAMINE, COCO-GLUCOSIDE, ACRYLATES/ C10-30 ALKYL ACRYLATE CROSSPOLYMER, CETETH-10 PHOSPHATE, DICETYL PHOSPHATE, DISODIUM EDTA, PARAFFIN, XANTHAN GUM, BUTYROSPERMUM PARKII (SHEA) BUTTER, MANGIFERA INDICA (MANGO) SEED BUTTER, SODIUM ASCORBYL PHOSPHATE, TOCOPHERYL ACETATE, PANTHENOL, ALOE BARBADENSIS LEAF JUICE, CARICA PAPAYA (PAPAYA) FRUIT EXTRACT, COLOCASIA ANTIQUORUM ROOT EXTRACT, MANGIFERA INDICA (MANGO) FRUIT EXTRACT, PASSIFLORA INCARNATA FRUIT EXTRACT, PLUMERIA ACUTIFOLIA FLOWER EXTRACT, PSIDIUM GUAJAVA FRUIT EXTRACT, PHENOXYETHANOL, METHYLPARABEN, PROPYLPARABEN, FRAGRANCE",1,"Hawaiian Tropic"
127,https://www.ewg.org/sunscreen/about-the-sunscreens/981285/Hawaiian_Tropic_Silk_Hydration_Weightless_Clear_Sunscreen_Spray%2C_SPF_15/,"Hawaiian Tropic Silk Hydration Weightless Clear Sunscreen Spray, SPF 15",72,"Ingredients from labelActive Ingredients: Avobenzone - 1.5 %, Homosalate - 3.0 %, Octisalate - 1.0 %, Octocrylene - 3.0 %, Inactive Ingredients: Alcohol Denat., Isobutane, Isododecane, Diisopropyl Adipate, Dimethicone, VA/Butyl Maleate/Isobornyl Acrylate Copolymer, Fragrance, Hydroxypropylcellulose, Mineral Oil, Ascorbyl Palmitate, Tocopheryl Acetate, Panthenol, Water, Carica Papaya (Papaya) Fruit Extract, Colocasia Antiquorum Root Extract, Mangifera Indica (Mango) Fruit Extract, Passiflora Incarnata Fruit Extract, Plumeria Acutifolia Flower Extract, Psidium Guajava Fruit Extract, Aloe Barbadensis Leaf Extract",1,"Hawaiian Tropic"
128,https://www.ewg.org/sunscreen/about-the-sunscreens/929043/Hawaiian_Tropic_Sheer_Touch_Ultra_Radiance_Sunscreen_Lotion%2C_SPF_50/,"Hawaiian Tropic Sheer Touch Ultra Radiance Sunscreen Lotion, SPF 50",60,"Ingredients from labelActive Ingredients: Avobenzone 2.7%, Homosalate 9.0%, Octisalate 4.0%, Octocrylene 5.0%; Inactive Ingredients: WATER, DIISOPROPYL ADIPATE, CETEARYL ALCOHOL, GLYCERIN, PHENOXYETHANOL, MICA, BENZYL ALCOHOL, ACRYLATES/C12-22 ALKYL METHACRYLATE COPOLYMER, FRAGRANCE, ACRYLATES/C10-30 ALKYL ACRYLATE CROSSPOLYMER, CETETH-10 PHOSPHATE, DICETYL PHOSPHATE, COCO-GLUCOSIDE, CHLORPHENESIN, XANTHAN GUM, SODIUM HYDROXIDE, BUTYROSPERMUM PARKII (SHEA) BUTTER, DISODIUM EDTA, TOCOPHERYL ACETATE, MANGIFERA INDICA (MANGO) SEED BUTTER, CARICA PAPAYA (PAPAYA) FRUIT EXTRACT, MANGIFERA INDICA (MANGO) FRUIT EXTRACT, PASSIFLORA INCARNATA FRUIT EXTRACT, PLUMERIA ACUTIFOLIA FLOWER EXTRACT, PSIDIUM GUAJAVA FRUIT EXTRACT, PANTHENOL, ALOE BARBADENSIS LEAF JUICE, SODIUM ASCORBYL PHOSPHATE, TITANIUM DIOXIDE",1,"Hawaiian Tropic"
129,https://www.ewg.org/sunscreen/about-the-sunscreens/942185/Hawaiian_Tropic_Silk_Hydration_Weightless_Sunscreen_Lotion%2C_SPF_30/,"Hawaiian Tropic Silk Hydration Weightless Sunscreen Lotion, SPF 30",73,"Ingredients from labelActive Ingredients: Avobenzone 2.0%, Homosalate 5.5%, Octisalate 4.5%, Octocrylene 4.0%; Inactive Ingredients: WATER, C12-15 ALKYL BENZOATE, DIISOPROPYL ADIPATE, HYDROXYETHYL ACRYLATE/SODIUM ACRYLOYLDIMETHYL TAURATE COPOLYMER, BUTYLENE GLYCOL, CETEARYL ALCOHOL, ACRYLATES/C12-22 ALKYL METHACRYLATE COPOLYMER, PHENOXYETHANOL, ISOHEXADECANE, CAPRYLYL GLYCOL, BENZYL ALCOHOL, FRAGRANCE, CHLORPHENESIN, CETETH-10 PHOSPHATE, DICETYL PHOSPHATE, POLYSORBATE 60, XANTHAN GUM, COCO-GLUCOSIDE, DISODIUM EDTA, AMINOMETHYL PROPANOL, MICA, TOCOPHERYL ACETATE, TITANIUM DIOXIDE, PANTHENOL, ALOE BARBADENSIS LEAF JUICE, SILK AMINO ACIDS, SODIUM ASCORBYL PHOSPHATE, PSIDIUM GUAJAVA FRUIT EXTRACT, PLUMERIA ACUTIFOLIA FLOWER EXTRACT, PASSIFLORA INCARNATA FRUIT EXTRACT, MANGIFERA INDICA (MANGO) FRUIT EXTRACT, CARICA PAPAYA (PAPAYA) FRUIT EXTRACT, IRON OXIDES.",1,"Hawaiian Tropic"
132,https://www.ewg.org/sunscreen/about-the-sunscreens/981286/Hawaiian_Tropic_Island_Sport_High_Performance_Sunscreen_Lotion%2C_SPF_15/,"Hawaiian Tropic Island Sport High Performance Sunscreen Lotion, SPF 15",64,"Ingredients from labelActive Ingredients, Avobenzone (2.0%), Octocrylene (3.0%), Oxybenzone (2.0%), Inactive Ingredients: Water Cetearyl Alcohol Phenoxyethanol Benzyl Alcohol Glycerin Diisopropyl Adipate Acrylates/C12-22 Alkyl Methacrylate Copolymer Fragrance C12-15 Alkyl Benzoate Acrylates/C10-30 Alkyl Acrylate Crosspolymer Coco-Glucoside Chlorphenesin Ceteth-10 Phosphate Dicetyl Phosphate Dimethicone Sodium Hydroxide Xanthan Gum Disodium Edta Mangifera Indica (Mango) Seed Butter Tocopheryl Acetate Carica Papaya (Papaya) Fruit Extract Mangifera Indica (Mango) Fruit Extract Passiflora Incarnata Fruit Extract Plumeria Acutifolia Flower Extract Psidium Guajava Fruit Extract Panthenol Aloe Barbadensis Leaf Juice Sodium Ascorbyl Phosphate",1,"Hawaiian Tropic"
133,https://www.ewg.org/sunscreen/about-the-sunscreens/971848/Hawaiian_Tropic_Sheer_Touch_Ultra_Radiance_Sunscreen_Lotion%2C_SPF_15/,"Hawaiian Tropic Sheer Touch Ultra Radiance Sunscreen Lotion, SPF 15",58,"Ingredients from labelActive Ingredients: Avobenzone 2.0%, Homosalate 3.0%, Octisalate 2.0%, Octocrylene 3.0%; Inactive Ingredients: WATER, CETEARYL ALCOHOL, PHENOXYETHANOL, MICA, BENZYL ALCOHOL, DIISOPROPYL ADIPATE, GLYCERIN, ACRYLATES/C12-22 ALKYL METHACRYLATE COPOLYMER, FRAGRANCE, ACRYLATES/C10-30 ALKYL ACRYLATE CROSSPOLYMER, COCO-GLUCOSIDE, CHLORPHENESIN, CETETH-10 PHOSPHATE, DICETYL PHOSPHATE, SODIUM HYDROXIDE, XANTHAN GUM, BUTYROSPERMUM PARKII (SHEA) BUTTER, DISODIUM EDTA, TOCOPHERYL ACETATE, MANGIFERA INDICA (MANGO) SEED BUTTER, PLUMERIA ACUTIFOLIA FLOWER EXTRACT, PASSIFLORA INCARNATA FRUIT EXTRACT, MANGIFERA INDICA (MANGO) FRUIT EXTRACT, CARICA PAPAYA (PAPAYA) FRUIT EXTRACT, PSIDIUM GUAJAVA FRUIT EXTRACT, PANTHENOL, ALOE BARBADENSIS LEAF JUICE, SODIUM ASCORBYL PHOSPHATE, TITANIUM DIOXIDE.",1,"Hawaiian Tropic"
137,https://www.ewg.org/sunscreen/about-the-sunscreens/981290/Hawaiian_Tropic_Silk_Hydration_Weightless_Face_Oil-Free_Sunscreen_Lotion%2C_SPF_30/,"Hawaiian Tropic Silk Hydration Weightless Face Oil-Free Sunscreen Lotion, SPF 30",62,"Ingredients from labelActive ingredients: Avobenzone 2.0% Homosalate 5.5% Octisalate 4.5% Octocrylene 4.0%, Inactive Ingredients: Water, C12-15 Alkyl Benzoate, Diisopropyl Adipate, Hydroxyethyl Acrylate/Sodium Acryloyldimethyl Taurate Copolymer, Butylene Glycol, Cetearyl Alcohol, Acrylates/C12-22 Alkyl Methacrylate Copolymer, Phenoxyethanol, Isohexadecane, Caprylyl Glycol, Benzyl Alcohol, Chlorphenesin, Ceteth-10 Phosphate, Dicetyl Phosphate, Fragrance, Polysorbate 60, Xanthan Gum, Coco-Glucoside, Disodium Edta, Aminomethyl Propanol, Mica, Tocopheryl Acetate, Titanium Dioxide, Panthenol, Aloe Barbadensis Leaf Juice, Silk Amino Acids, Sodium Ascorbyl Phosphate, Psidium Guajava Fruit Extract, Plumeria Acutifolia Flower Extract, Passiflora Incarnata Fruit Extract, Mangifera Indica (Mango) Fruit Extract, Carica Papaya (Papaya) Fruit Extract, Iron Oxides.",1,"Hawaiian Tropic"
141,https://www.albabotanica.com/products-alba/hawaiian-sunscreen-9/,"Alba Aloe Vera Sunscreen Lotion SPF 30",34,"Active Ingredients: Avobenzone - 3%, Homosalate - 10%, Octocrylene - 10%, Octisalate - 5%Inactive Ingredients: Water (Aqua), Butyloctyl Salicylate, Dodecane, VP/Hexadecene Copolymer, Polyglyceryl-10 Pentastearate, Glycerin, Cetyl Alcohol, Glyceryl Stearate SE, Glyceryl Oleate Citrate, Behenyl Alcohol, Phenoxyethanol, Aloe Barbadensis Leaf Juice (1), Calendula Officinalis Flower Extract (1), Camellia Sinensis Leaf Extract (1), Chamomilla Recutita (Matricaria) Flower Extract (1), Ginkgo Biloba Leaf Extract, Lavandula Angustifolia (Lavender) Flower/Leaf/Stem Extract (1), Panax Ginseng Root Extract, Tocopheryl Acetate, Caprylic/Capric Triglyceride, Cetearyl Olivate, Citric Acid, Decane, Nonane, Potassium Hydroxide, Sodium Phytate, Sodium Stearoyl Lactylate, Solanum Tuberosum (Potato) Starch, Sorbitan Olivate, Alcohol (1), Ethylhexylglycerin, Potassium Sorbate, Sodium Benzoate",1,"Alba Botanica"
145,https://www.albabotanica.com/products-alba/sport-sunscreen-2/,"Alba Fragrance Free Sunscreen Spray SPF 50",40,"Active Ingredients:Avobenzone - 2.9%, Homosalate - 14.7%, Octisalate - 4.9%, Octocrylene – 7.6%Inactive Ingredients:Alcohol Denat., Butyloctyl Salicylate, Acrylates/Octylacrylamide Copolymer, Aloe Barbadensis Leaf Extract, Camellia Sinensis Leaf Extract, Carthamus Tinctorius (Safflower) Seed Oil, Chamomilla Recutita (Matricaria) Flower Extract, Diisopropyl Adipate, Ginkgo Biloba Leaf Extract, Helianthus Annuus (Sunflower) Seed Oil, Panax Quinquefolius Root Extract, Persea Gratissima (Avocado) Oil, Tocopheryl Acetate",1,"Alba Botanica"
147,https://www.albabotanica.com/products-alba/kids-tropical-sunscreen/,"Alba Fruit Sunscreen Spray SPF 50",39,"Active Ingredients:Avobenzone - 2.9%Homosalate - 14.7%Octisalate - 4.9%Octocrylene – 7.6%Inactive Ingredients:Alcohol Denat., Butyloctyl Salicylate, Acrylates/Octylacrylamide Copolymer, Aloe Barbadensis Leaf Extract, Camellia Sinensis Leaf Extract, Carthamus Tinctorius (Safflower) Seed Oil, Chamomilla Recutita (Matricaria) Flower Extract, Diisopropyl Adipate, Ginkgo Biloba Leaf Extract, Helianthus Annuus (Sunflower) Seed Oil, Panax Quinquefolius Root Extract, Persea Gratissima (Avocado) Oil, Tocopheryl Acetate, Fragrance (Parfum)*, Linalool, Limonene*Natural Fragrance",1,"Alba Botanica"
149,https://www.albabotanica.com/products-alba/sheer-mineral-sunscreen-6/,"Alba Mineral Face Fragrance Free Sunscreen Lotion SPF 30",35,"Active IngredientsZinc Oxide – 24.1%Inactive IngredientsWater (Aqua), Caprylic/Capric Triglyceride, Ethylhexyl Olivate, Butyloctyl Salicylate, Isoamyl Laurate, Glyceryl Stearate SE, Niacinamide, VP/Hexadecene Copolymer, Triethoxycaprylylsilane, Tocopheryl Acetate, Glycerin, Polyhydroxystearic Acid, Potassium Cetyl Phosphate, Sodium Phytate, Squalane, Xanthan Gum, Alcohol (1), Ethylhexylglycerin, Phenoxyethanol",2,"Alba Botanica"
157,https://www.albabotanica.com/products-alba/hawaiian-sunscreen-5/,"Alba Coconut Sunscreen Spray SPF 50",32,"Active Ingredients:Avobenzone - 2.9%Homosalate - 14.7%Octisalate - 4.9%Octocrylene – 7.6%Inactive Ingredients:Alcohol Denat., Butyloctyl Salicylate, Acrylates/Octylacrylamide Copolymer, Fragrance (Parfum)**, Aloe Barbadensis Leaf Extract, Camellia Sinensis Leaf Extract, Carthamus Tinctorius (Safflower) Seed Oil, Chamomilla Recutita (Matricaria) Flower Extract, Diisopropyl Adipate, Ginkgo Biloba Leaf Extract, Helianthus Annuus (Sunflower) Seed Oil, Panax Quinquefolius Root Extract, Persea Gratissima (Avocado) Oil, Tocopheryl Acetate, Coumarin, Limonene, Linalool**Natural Fragrance",1,"Alba Botanica"
164,https://www.olay.com/en-us/skin-care-products/total-effects-anti-aging-moisturizer-spf-fragrance-free,"Olay Total Effects Moisturizer, Anti-Aging, Fragrance-Free, With Sunscreen, Broad Spectrum Spf 15",86,"ACTIVE INGREDIENTS: AVOBENZONE 3.0%, HOMOSALATE 4.0%, OCTISALATE 4.5%, OCTOCRYLENE 2.6% INGREDIENTS: WATER, GLYCERIN, NIACINAMIDE*, DIMETHICONE, ISOPROPYL ISOSTEARATE, PANTHENOL**, TOCOPHERYL ACETATE***, SODIUM ASCORBYL PHOSPHATE^, RETINYL PROPIONATE^^, CAMELLIA SINENSIS LEAF EXTRACT^*, BHT^**, TAPIOCA STARCH, DIMETHICONOL, CETEARYL GLUCOSIDE, CETEARYL ALCOHOL, STEARIC ACID, PALMITIC ACID, STEARYL ALCOHOL, CETYL ALCOHOL, BEHENYL ALCOHOL, DISODIUM EDTA, HYDROXYETHYL ACRYLATE/SODIUM ACRYLOYLDIMETHYL TAURATE COPOLYMER, CARBOMER, SODIUM HYDROXIDE, PEG-100 STEARATE, TITANIUM DIOXIDE, POLYMETHYLSILSESQUIOXANE, BENZYL ALCOHOL, METHYLPARABEN, ETHYLPARABEN, PROPYLPARABEN, IODOPROPYNYL BUTYLCARBAMATE",1,Olay
165,https://coola.com/products/mineral-face-sunscreen-lotion-sheer-matte-spf-30,"Mineral Face Organic Sunscreen Lotion Sheer Matte SPF 30 – Tinted",50,"Active Ingredients (Sunscreen): Zinc Oxide 10.5%

 

Inactive Ingredients: Aloe Barbadensis Leaf Juice (ORGANIC), Caprylic/Capric Triglyceride, Butyloctyl Salicylate, Polyglyceryl-4 Laurate/Succinate, Glycerin (ORGANIC), Methyl Methacrylate Crosspolymer, Poly C10-30 Alkyl Acrylate, Sorbitan Oleate, Trimethoxybenzylidene Pentanedione, Arachidyl Alcohol, Hydroxyethyl Acrylate/Sodium Acryloyldimethyl Taurate Copolymer, Carthamus Tinctorius (Safflower) Oleosomes, Mauritia Flexuosa Fruit Oil (ORGANIC), Rubus Idaeus (Raspberry) Seed Oil (ORGANIC), Limnanthes Alba (Meadowfoam) Seed Oil, Oenothera, Biennis (Evening Primrose) Oil (ORGANIC), Rosa Canina Seed Oil (ORGANIC), Helianthus Annuus (Sunflower) Seed Oil, Ricinus Communis (Castor) Seed Oil, Opuntia Vulgaris Extract, Behenyl Alcohol, Polyhydroxystearic Acid, Isostearic Acid, Benzyl Alcohol, Arachidyl Glucoside, Xanthan Gum, 1,2-Hexanediol, Caprylyl Glycol, Citric Acid, Hydrogenated Polyisobutene, Iron Oxides, CI 77891, Sorbitan Isostearate, CI 77492, CI 77491, Disteardimonium Hectorite, CI 77499, Propylene Carbonate, Gluconolactone, Sodium Benzoate

 

Inactive Ingredients: Aloe Barbadensis Leaf Juice (ORGANIC), Caprylic/Capric Triglyceride, Butyloctyl Salicylate, Polyglyceryl-4 Laurate/Succinate, Glycerin (ORGANIC), Methyl Methacrylate Crosspolymer, Poly C10-30 Alkyl Acrylate, Sorbitan Oleate, Trimethoxybenzylidene Pentanedione, Arachidyl Alcohol, Hydroxyethyl Acrylate/Sodium Acryloyldimethyl Taurate Copolymer, Carthamus Tinctorius (Safflower) Oleosomes, Mauritia Flexuosa Fruit Oil (ORGANIC), Rubus Idaeus (Raspberry) Seed Oil (ORGANIC), Limnanthes Alba (Meadowfoam) Seed Oil, Oenothera, Biennis (Evening Primrose) Oil (ORGANIC), Rosa Canina Seed Oil (ORGANIC), Helianthus Annuus (Sunflower) Seed Oil, Ricinus Communis (Castor) Seed Oil, Opuntia Vulgaris Extract, Behenyl Alcohol, Polyhydroxystearic Acid, Isostearic Acid, Benzyl Alcohol, Arachidyl Glucoside, Xanthan Gum, 1,2-Hexanediol, Caprylyl Glycol, Citric Acid, Hydrogenated Polyisobutene, Iron Oxides, CI 77891, Sorbitan Isostearate, CI 77492, CI 77491, Disteardimonium Hectorite, CI 77499, Propylene Carbonate, Gluconolactone, Sodium Benzoate",3,Coola
166,https://coola.com/products/mineral-body-sunscreen-spray-spf-30-5oz?g_adgroupid=&g_adtype=none&g_campaign=PM_PLA_All_Products&g_campaignid=19541902247&g_keywordid=&g_keyword=&g_network=x&g_adid=&g_acctid=821-477-7515&gclid=CjwKCAjwrdmhBhBBEiwA4Hx5g5t01tKOABzQSgormPodnJ1eYnpaoPtPjEuNyhU5yaEjqr0auWqkFRoC4v0QAvD_BwE,"Mineral Body Organic Sunscreen Spray SPF 30",51,"Active Ingredients (Sunscreen):

Zinc Oxide 14.5%

 

Inactive Ingredients:

Algae Extract (ORGANIC), Aloe Barbadensis Leaf Juice (ORGANIC), Bentonite, Bisabolol (ORGANIC), Brassica Campestris (Rapeseed) Seed Oil, Butyloctyl Salicylate, Camelina Sativa Seed Oil, Caprylhydroxamic Acid, Capryloyl Glycerin/Sebacic Acid Copolymer, Caprylyl Glycol, Carthamus Tinctorius (Safflower) Oleosomes, Cellulose Gum, Cetearyl Alcohol, Citric Acid, Citrus Aurantium Dulcis (ORGANIC Orange) Fruit Water, Coco-Glucoside, Cocos Nucifera (ORGANIC Coconut) Oil, Glycerin (ORGANIC), Helianthus Annuus (ORGANIC Sunflower) Seed Oil, Limnanthes Alba (Meadowfoam) Seed Oil, Mauritia Flexuosa (ORGANIC Buriti) Fruit Oil, Methyl Dihydroabietate, Microcrystalline Cellulose, Opuntia Ficus-Indica Flower Extract, Propanediol, Rosmarinus Officinalis (ORGANIC Rosemary) Leaf Extract, Rubus Idaeus (ORGANIC Raspberry) Seed Oil, Shea Butter Ethyl Esters, Simmondsia Chinesis (ORGANIC Jojoba) Seed Oil, Sodium Stearoyl Glutamate, Water",3,Coola
167,https://www.hawaiiantropic.com/products/hawaiian-tropic-mineral-translucent-sunscreen-powder-brush-spf-30?_pos=1&_sid=86bf596ea&_ss=r,"Hawaiian Tropic Mineral Translucent Sunscreen Powder Brush SPF 30",57,"zinc oxide 24.5%",2,"Hawaiian Tropic"
168,https://www.hawaiiantropic.com/products/hawaiian-tropic-everyday-active-lotion-spf-50?_pos=1&_sid=8f3b10d94&_ss=r,"Hawaiian Tropic Everyday ActiveTM Lotion SPF 50",63,"avobenzone 2.7%, homosalate 9.0%, octisalate 4.0%, octocrylene 5.0%",1,"Hawaiian Tropic"
169,https://www.hawaiiantropic.com/products/hawaiian-tropic-everyday-active-clear-spray-spf-50?_pos=2&_sid=e48cebc92&_ss=r,"Hawaiian Tropic Everyday ActiveTM Clear Spray SPF 50",68,"avobenzone 2.7%, homosalate 9.0%, octisalate 4.5%, octocrylene 7.0%",1,"Hawaiian Tropic"
170,https://www.hawaiiantropic.com/products/hawaiian-tropic-protective-tanning-dry-oil-clear-spray-spf-30?_pos=1&_sid=b2af98d62&_ss=r,"Hawaiian Tropic Protective Tanning Dry Oil Clear Spray SPF 30",75,"avobenzone 2.0%, homosalate 6.0%, octisalate 4.5%, octocrylene 6.0%",1,"Hawaiian Tropic"
171,https://www.hawaiiantropic.com/products/hawaiian-tropic-island-tanning-lotion-spf-4?_pos=2&_sid=b51660ac8&_ss=r,"Hawaiian Tropic Island Tanning Lotion SPF 4",79,"avobenzone 1.0%, octocrylene 2.0%",1,"Hawaiian Tropic"
172,https://www.amazon.com/Alba-Botanica-Hawaiian-Sunscreen-Green/dp/B00CQ7V1JO?th=1,"Alba Botanica Sunscreen Lotion, SPF 45, Green Tea, 4 Oz",33,"Active Ingredient, Purpose Avobenzone 3.0%, Sunscreen Homosalate 10.0%, Sunscreen Octocrylene 10.0%, Sunscreen Octyl Salicylate 5.0%, Sunscreen Inactive Ingredients Water (Aqua), Cetyl Alcohol, Glycerin, Glyceryl Stearate SE, Dimethicone, Caprylic/Capric Triglyceride, VP/Hexadecene Copolymer, Citrus Aurantium Dulcis (Orange) Peel Oil, Aloe Barbadensis Leaf Juice(1), Calendula Officinalis Flower Extract(1), Camellia Sinensis Leaf Extract(1), Chamomilla Recutita (Matricaria) Flower Extract(1), Ginkgo Biloba Leaf Extract, Lavandula Angustifolia (Lavender) Flower Extract(1), Tocopheryl Acetate, Alcohol(1), Cetearyl Alcohol, Cetearyl Olivate, Citric Acid, Linalyl Acetate, Polysorbate 60, Sodium Chloride, Sodium Stearoyl Glutamate, Sorbitan Olivate, Triethyl Citrate, Xanthan Gum, Benzyl Alcohol, Potassium Sorbate, Sodium Benzoate, Amy Cinnamal, Citral, Citronellol, Geraniol, Hydroxycitronellal, Limonene, Linalool. (1)Certified organic ingredient.",1,"Alba Botanica"
